[{"model": "admin.logentry", "pk": 1, "fields": {"action_time": "2023-04-09T04:22:54.001Z", "user": 1, "content_type": 7, "object_id": "1", "object_repr": "Lift", "action_flag": 1, "change_message": "[{\"added\": {}}]"}}, {"model": "admin.logentry", "pk": 2, "fields": {"action_time": "2023-04-09T04:23:04.221Z", "user": 1, "content_type": 7, "object_id": "2", "object_repr": "Pets", "action_flag": 1, "change_message": "[{\"added\": {}}]"}}, {"model": "admin.logentry", "pk": 3, "fields": {"action_time": "2023-04-09T04:23:14.550Z", "user": 1, "content_type": 8, "object_id": "1", "object_repr": "Wifi", "action_flag": 1, "change_message": "[{\"added\": {}}]"}}, {"model": "admin.logentry", "pk": 4, "fields": {"action_time": "2023-04-09T04:23:21.923Z", "user": 1, "content_type": 8, "object_id": "2", "object_repr": "Gym", "action_flag": 1, "change_message": "[{\"added\": {}}]"}}, {"model": "admin.logentry", "pk": 5, "fields": {"action_time": "2023-04-09T04:23:27.576Z", "user": 1, "content_type": 8, "object_id": "3", "object_repr": "Pool", "action_flag": 1, "change_message": "[{\"added\": {}}]"}}, {"model": "admin.logentry", "pk": 6, "fields": {"action_time": "2023-04-09T04:24:20.015Z", "user": 1, "content_type": 9, "object_id": "1", "object_repr": "House of A", "action_flag": 1, "change_message": "[{\"added\": {}}]"}}, {"model": "admin.logentry", "pk": 7, "fields": {"action_time": "2023-04-09T04:24:34.232Z", "user": 1, "content_type": 9, "object_id": "2", "object_repr": "B's house", "action_flag": 1, "change_message": "[{\"added\": {}}]"}}, {"model": "admin.logentry", "pk": 8, "fields": {"action_time": "2023-04-09T04:25:19.909Z", "user": 1, "content_type": 9, "object_id": "3", "object_repr": "C Condo", "action_flag": 1, "change_message": "[{\"added\": {}}]"}}, {"model": "admin.logentry", "pk": 9, "fields": {"action_time": "2023-04-09T04:29:13.615Z", "user": 1, "content_type": 11, "object_id": "1", "object_repr": "Listing for property: House of A", "action_flag": 1, "change_message": "[{\"added\": {}}]"}}, {"model": "admin.logentry", "pk": 10, "fields": {"action_time": "2023-04-09T04:29:19.334Z", "user": 1, "content_type": 11, "object_id": "1", "object_repr": "Listing for property: House of A", "action_flag": 2, "change_message": "[{\"changed\": {\"fields\": [\"Host\"]}}]"}}, {"model": "admin.logentry", "pk": 11, "fields": {"action_time": "2023-04-09T04:30:03.434Z", "user": 1, "content_type": 11, "object_id": "1", "object_repr": "Listing for property: House of A", "action_flag": 2, "change_message": "[{\"changed\": {\"fields\": [\"Host\"]}}]"}}, {"model": "admin.logentry", "pk": 12, "fields": {"action_time": "2023-04-09T04:30:07.857Z", "user": 1, "content_type": 11, "object_id": "1", "object_repr": "Listing for property: House of A", "action_flag": 2, "change_message": "[{\"changed\": {\"fields\": [\"Host\"]}}]"}}, {"model": "admin.logentry", "pk": 13, "fields": {"action_time": "2023-04-09T04:37:29.058Z", "user": 1, "content_type": 11, "object_id": "4", "object_repr": "Listing for property: House of A", "action_flag": 3, "change_message": ""}}, {"model": "admin.logentry", "pk": 14, "fields": {"action_time": "2023-04-09T04:37:29.063Z", "user": 1, "content_type": 11, "object_id": "3", "object_repr": "Listing for property: House of A", "action_flag": 3, "change_message": ""}}, {"model": "admin.logentry", "pk": 15, "fields": {"action_time": "2023-04-09T04:37:29.067Z", "user": 1, "content_type": 11, "object_id": "2", "object_repr": "Listing for property: House of A", "action_flag": 3, "change_message": ""}}, {"model": "admin.logentry", "pk": 16, "fields": {"action_time": "2023-04-09T04:41:27.728Z", "user": 1, "content_type": 11, "object_id": "7", "object_repr": "Listing for property: B's house", "action_flag": 1, "change_message": "[{\"added\": {}}]"}}, {"model": "admin.logentry", "pk": 17, "fields": {"action_time": "2023-04-09T04:41:36.840Z", "user": 1, "content_type": 11, "object_id": "8", "object_repr": "Listing for property: C Condo", "action_flag": 1, "change_message": "[{\"added\": {}}]"}}, {"model": "admin.logentry", "pk": 18, "fields": {"action_time": "2023-04-09T04:47:30.350Z", "user": 1, "content_type": 10, "object_id": "1", "object_repr": "property/1/icon_Z3MhBS6.png", "action_flag": 1, "change_message": "[{\"added\": {}}]"}}, {"model": "admin.logentry", "pk": 19, "fields": {"action_time": "2023-04-09T04:47:34.068Z", "user": 1, "content_type": 10, "object_id": "2", "object_repr": "property/2/icon.png", "action_flag": 1, "change_message": "[{\"added\": {}}]"}}, {"model": "admin.logentry", "pk": 20, "fields": {"action_time": "2023-04-09T04:47:39.700Z", "user": 1, "content_type": 10, "object_id": "3", "object_repr": "property/3/icon.png", "action_flag": 1, "change_message": "[{\"added\": {}}]"}}, {"model": "admin.logentry", "pk": 21, "fields": {"action_time": "2023-04-10T03:07:01.695Z", "user": 1, "content_type": 13, "object_id": "8", "object_repr": "AAAAAAAAAAAAAAAAAAAAAAAAAAAAAA", "action_flag": 1, "change_message": "[{\"added\": {}}]"}}, {"model": "admin.logentry", "pk": 22, "fields": {"action_time": "2023-04-10T03:07:06.231Z", "user": 1, "content_type": 13, "object_id": "9", "object_repr": "AAAAAAAAAAAAAAAAAAAAAAA", "action_flag": 1, "change_message": "[{\"added\": {}}]"}}, {"model": "admin.logentry", "pk": 23, "fields": {"action_time": "2023-04-10T03:07:11.011Z", "user": 1, "content_type": 13, "object_id": "10", "object_repr": "AAAAAAAAAAAAAAAAAAAAAAAAAA", "action_flag": 1, "change_message": "[{\"added\": {}}]"}}, {"model": "admin.logentry", "pk": 24, "fields": {"action_time": "2023-04-10T20:21:09.728Z", "user": 1, "content_type": 9, "object_id": "6", "object_repr": "a", "action_flag": 2, "change_message": "[]"}}, {"model": "admin.logentry", "pk": 25, "fields": {"action_time": "2023-04-10T20:34:20.302Z", "user": 1, "content_type": 12, "object_id": "3", "object_repr": "Reservation by A for listing: 7", "action_flag": 2, "change_message": "[{\"changed\": {\"fields\": [\"Status\"]}}]"}}, {"model": "admin.logentry", "pk": 26, "fields": {"action_time": "2023-04-10T20:35:27.524Z", "user": 1, "content_type": 12, "object_id": "3", "object_repr": "Reservation by A for listing: 7", "action_flag": 2, "change_message": "[{\"changed\": {\"fields\": [\"Is active\"]}}]"}}, {"model": "admin.logentry", "pk": 27, "fields": {"action_time": "2023-04-10T20:35:54.150Z", "user": 1, "content_type": 12, "object_id": "3", "object_repr": "Reservation by A for listing: 7", "action_flag": 2, "change_message": "[{\"changed\": {\"fields\": [\"Status\", \"Is active\"]}}]"}}, {"model": "admin.logentry", "pk": 28, "fields": {"action_time": "2023-04-10T20:36:52.563Z", "user": 1, "content_type": 12, "object_id": "3", "object_repr": "Reservation by A for listing: 7", "action_flag": 2, "change_message": "[{\"changed\": {\"fields\": [\"Status\", \"Is active\"]}}]"}}, {"model": "admin.logentry", "pk": 29, "fields": {"action_time": "2023-04-10T20:37:21.484Z", "user": 1, "content_type": 12, "object_id": "3", "object_repr": "Reservation by A for listing: 7", "action_flag": 2, "change_message": "[{\"changed\": {\"fields\": [\"Status\", \"Is active\"]}}]"}}, {"model": "admin.logentry", "pk": 30, "fields": {"action_time": "2023-04-10T20:37:39.804Z", "user": 1, "content_type": 12, "object_id": "3", "object_repr": "Reservation by A for listing: 7", "action_flag": 2, "change_message": "[{\"changed\": {\"fields\": [\"Status\", \"Is active\"]}}]"}}, {"model": "admin.logentry", "pk": 31, "fields": {"action_time": "2023-04-10T20:38:31.953Z", "user": 1, "content_type": 12, "object_id": "3", "object_repr": "Reservation by A for listing: 7", "action_flag": 2, "change_message": "[{\"changed\": {\"fields\": [\"Status\", \"Is active\"]}}]"}}, {"model": "admin.logentry", "pk": 32, "fields": {"action_time": "2023-04-10T20:44:26.250Z", "user": 1, "content_type": 12, "object_id": "3", "object_repr": "Reservation by A for listing: 7", "action_flag": 2, "change_message": "[{\"changed\": {\"fields\": [\"Status\", \"Is active\"]}}]"}}, {"model": "admin.logentry", "pk": 33, "fields": {"action_time": "2023-04-10T22:52:03.883Z", "user": 1, "content_type": 12, "object_id": "2", "object_repr": "Reservation by B for listing: 10", "action_flag": 2, "change_message": "[{\"changed\": {\"fields\": [\"Status\"]}}]"}}, {"model": "admin.logentry", "pk": 34, "fields": {"action_time": "2023-04-11T00:14:00.849Z", "user": 1, "content_type": 12, "object_id": "5", "object_repr": "Reservation by B for listing: 1", "action_flag": 3, "change_message": ""}}, {"model": "admin.logentry", "pk": 35, "fields": {"action_time": "2023-04-11T00:14:00.855Z", "user": 1, "content_type": 12, "object_id": "4", "object_repr": "Reservation by A for listing: 7", "action_flag": 3, "change_message": ""}}, {"model": "admin.logentry", "pk": 36, "fields": {"action_time": "2023-04-11T00:14:00.859Z", "user": 1, "content_type": 12, "object_id": "3", "object_repr": "Reservation by A for listing: 7", "action_flag": 3, "change_message": ""}}, {"model": "admin.logentry", "pk": 37, "fields": {"action_time": "2023-04-11T00:14:00.864Z", "user": 1, "content_type": 12, "object_id": "2", "object_repr": "Reservation by B for listing: 10", "action_flag": 3, "change_message": ""}}, {"model": "admin.logentry", "pk": 38, "fields": {"action_time": "2023-04-11T00:14:00.867Z", "user": 1, "content_type": 12, "object_id": "1", "object_repr": "Reservation by A for listing: 7", "action_flag": 3, "change_message": ""}}, {"model": "admin.logentry", "pk": 39, "fields": {"action_time": "2023-04-11T00:14:15.504Z", "user": 1, "content_type": 11, "object_id": "10", "object_repr": "Listing for property: ZPA", "action_flag": 3, "change_message": ""}}, {"model": "admin.logentry", "pk": 40, "fields": {"action_time": "2023-04-11T00:14:15.509Z", "user": 1, "content_type": 11, "object_id": "9", "object_repr": "Listing for property: House of A", "action_flag": 3, "change_message": ""}}, {"model": "admin.logentry", "pk": 41, "fields": {"action_time": "2023-04-11T00:14:15.513Z", "user": 1, "content_type": 11, "object_id": "8", "object_repr": "Listing for property: C Condo", "action_flag": 3, "change_message": ""}}, {"model": "admin.logentry", "pk": 42, "fields": {"action_time": "2023-04-11T00:14:15.516Z", "user": 1, "content_type": 11, "object_id": "7", "object_repr": "Listing for property: B's house", "action_flag": 3, "change_message": ""}}, {"model": "admin.logentry", "pk": 43, "fields": {"action_time": "2023-04-11T00:14:15.519Z", "user": 1, "content_type": 11, "object_id": "6", "object_repr": "Listing for property: House of A", "action_flag": 3, "change_message": ""}}, {"model": "admin.logentry", "pk": 44, "fields": {"action_time": "2023-04-11T00:14:15.522Z", "user": 1, "content_type": 11, "object_id": "5", "object_repr": "Listing for property: House of A", "action_flag": 3, "change_message": ""}}, {"model": "admin.logentry", "pk": 45, "fields": {"action_time": "2023-04-11T00:14:15.525Z", "user": 1, "content_type": 11, "object_id": "1", "object_repr": "Listing for property: House of A", "action_flag": 3, "change_message": ""}}, {"model": "admin.logentry", "pk": 46, "fields": {"action_time": "2023-04-11T00:14:37.779Z", "user": 1, "content_type": 9, "object_id": "6", "object_repr": "a", "action_flag": 3, "change_message": ""}}, {"model": "admin.logentry", "pk": 47, "fields": {"action_time": "2023-04-11T00:14:37.785Z", "user": 1, "content_type": 9, "object_id": "5", "object_repr": "WOWHOUSE", "action_flag": 3, "change_message": ""}}, {"model": "admin.logentry", "pk": 48, "fields": {"action_time": "2023-04-11T00:14:37.789Z", "user": 1, "content_type": 9, "object_id": "4", "object_repr": "ZPA", "action_flag": 3, "change_message": ""}}, {"model": "admin.logentry", "pk": 49, "fields": {"action_time": "2023-04-11T00:14:37.792Z", "user": 1, "content_type": 9, "object_id": "3", "object_repr": "C Condo", "action_flag": 3, "change_message": ""}}, {"model": "admin.logentry", "pk": 50, "fields": {"action_time": "2023-04-11T00:14:37.795Z", "user": 1, "content_type": 9, "object_id": "2", "object_repr": "B's house", "action_flag": 3, "change_message": ""}}, {"model": "admin.logentry", "pk": 51, "fields": {"action_time": "2023-04-11T00:14:37.798Z", "user": 1, "content_type": 9, "object_id": "1", "object_repr": "House of A", "action_flag": 3, "change_message": ""}}, {"model": "admin.logentry", "pk": 52, "fields": {"action_time": "2023-04-11T00:15:44.722Z", "user": 1, "content_type": 6, "object_id": "1", "object_repr": "SH@e.com", "action_flag": 2, "change_message": "[{\"changed\": {\"fields\": [\"Avatar\", \"First name\", \"Last name\", \"Email\"]}}]"}}, {"model": "admin.logentry", "pk": 53, "fields": {"action_time": "2023-04-11T00:16:10.164Z", "user": 1, "content_type": 6, "object_id": "1", "object_repr": "Steve@mail.com", "action_flag": 2, "change_message": "[{\"changed\": {\"fields\": [\"Email\"]}}]"}}, {"model": "admin.logentry", "pk": 54, "fields": {"action_time": "2023-04-11T00:16:47.489Z", "user": 1, "content_type": 6, "object_id": "3", "object_repr": "Shaq@mail.com", "action_flag": 2, "change_message": "[{\"changed\": {\"fields\": [\"Avatar\", \"First name\", \"Last name\", \"Email\"]}}]"}}, {"model": "admin.logentry", "pk": 55, "fields": {"action_time": "2023-04-11T00:17:43.035Z", "user": 1, "content_type": 6, "object_id": "1", "object_repr": "Steve@mail.com", "action_flag": 2, "change_message": "[{\"changed\": {\"fields\": [\"password\"]}}]"}}, {"model": "admin.logentry", "pk": 56, "fields": {"action_time": "2023-04-11T00:17:47.788Z", "user": 1, "content_type": 6, "object_id": "1", "object_repr": "Steve@mail.com", "action_flag": 2, "change_message": "[]"}}, {"model": "admin.logentry", "pk": 57, "fields": {"action_time": "2023-04-11T00:17:57.456Z", "user": 1, "content_type": 6, "object_id": "3", "object_repr": "Shaq@mail.com", "action_flag": 2, "change_message": "[{\"changed\": {\"fields\": [\"password\"]}}]"}}, {"model": "admin.logentry", "pk": 58, "fields": {"action_time": "2023-04-11T00:18:00.089Z", "user": 1, "content_type": 6, "object_id": "3", "object_repr": "Shaq@mail.com", "action_flag": 2, "change_message": "[]"}}, {"model": "admin.logentry", "pk": 59, "fields": {"action_time": "2023-04-11T00:18:23.039Z", "user": 1, "content_type": 6, "object_id": "2", "object_repr": "B@b.com", "action_flag": 2, "change_message": "[{\"changed\": {\"fields\": [\"password\"]}}]"}}, {"model": "admin.logentry", "pk": 60, "fields": {"action_time": "2023-04-11T00:18:41.664Z", "user": 1, "content_type": 6, "object_id": "2", "object_repr": "Henry@mail.com", "action_flag": 2, "change_message": "[{\"changed\": {\"fields\": [\"First name\", \"Last name\", \"Email\"]}}]"}}, {"model": "admin.logentry", "pk": 61, "fields": {"action_time": "2023-04-11T00:18:46.291Z", "user": 1, "content_type": 6, "object_id": "1", "object_repr": "Steve@mail.com", "action_flag": 2, "change_message": "[]"}}, {"model": "admin.logentry", "pk": 62, "fields": {"action_time": "2023-04-11T00:18:50.166Z", "user": 1, "content_type": 6, "object_id": "3", "object_repr": "Shaq@mail.com", "action_flag": 2, "change_message": "[]"}}, {"model": "admin.logentry", "pk": 63, "fields": {"action_time": "2023-04-11T00:19:01.563Z", "user": 1, "content_type": 6, "object_id": "2", "object_repr": "Henry@mail.com", "action_flag": 2, "change_message": "[]"}}, {"model": "admin.logentry", "pk": 64, "fields": {"action_time": "2023-04-11T00:44:49.723Z", "user": 1, "content_type": 6, "object_id": "4", "object_repr": "Son@mail.com", "action_flag": 1, "change_message": "[{\"added\": {}}]"}}, {"model": "admin.logentry", "pk": 65, "fields": {"action_time": "2023-04-11T00:45:18.868Z", "user": 1, "content_type": 6, "object_id": "5", "object_repr": "Shrek@mail.com", "action_flag": 1, "change_message": "[{\"added\": {}}]"}}, {"model": "admin.logentry", "pk": 66, "fields": {"action_time": "2023-04-11T00:45:48.774Z", "user": 1, "content_type": 6, "object_id": "6", "object_repr": "Taylor@mail.com", "action_flag": 1, "change_message": "[{\"added\": {}}]"}}, {"model": "admin.logentry", "pk": 67, "fields": {"action_time": "2023-04-11T00:46:26.656Z", "user": 1, "content_type": 6, "object_id": "7", "object_repr": "Lorde@mail.com", "action_flag": 1, "change_message": "[{\"added\": {}}]"}}, {"model": "admin.logentry", "pk": 68, "fields": {"action_time": "2023-04-11T00:46:52.308Z", "user": 1, "content_type": 6, "object_id": "8", "object_repr": "Maisie@mail.com", "action_flag": 1, "change_message": "[{\"added\": {}}]"}}, {"model": "admin.logentry", "pk": 69, "fields": {"action_time": "2023-04-11T00:51:13.495Z", "user": 1, "content_type": 6, "object_id": "3", "object_repr": "Shaq@mail.com", "action_flag": 2, "change_message": "[{\"changed\": {\"fields\": [\"password\"]}}]"}}, {"model": "admin.logentry", "pk": 70, "fields": {"action_time": "2023-04-11T00:53:56.727Z", "user": 1, "content_type": 6, "object_id": "1", "object_repr": "Steve@mail.com", "action_flag": 2, "change_message": "[{\"changed\": {\"fields\": [\"password\"]}}]"}}, {"model": "admin.logentry", "pk": 71, "fields": {"action_time": "2023-04-11T00:54:39.358Z", "user": 1, "content_type": 6, "object_id": "6", "object_repr": "Taylor@mail.com", "action_flag": 2, "change_message": "[{\"changed\": {\"fields\": [\"password\"]}}]"}}, {"model": "admin.logentry", "pk": 72, "fields": {"action_time": "2023-04-11T00:54:51.707Z", "user": 1, "content_type": 6, "object_id": "4", "object_repr": "Son@mail.com", "action_flag": 2, "change_message": "[{\"changed\": {\"fields\": [\"password\"]}}]"}}, {"model": "admin.logentry", "pk": 73, "fields": {"action_time": "2023-04-11T00:55:04.152Z", "user": 1, "content_type": 6, "object_id": "5", "object_repr": "Shrek@mail.com", "action_flag": 2, "change_message": "[{\"changed\": {\"fields\": [\"password\"]}}]"}}, {"model": "admin.logentry", "pk": 74, "fields": {"action_time": "2023-04-11T00:55:17.705Z", "user": 1, "content_type": 6, "object_id": "8", "object_repr": "Maisie@mail.com", "action_flag": 2, "change_message": "[{\"changed\": {\"fields\": [\"password\"]}}]"}}, {"model": "admin.logentry", "pk": 75, "fields": {"action_time": "2023-04-11T00:55:28.153Z", "user": 1, "content_type": 6, "object_id": "7", "object_repr": "Lorde@mail.com", "action_flag": 2, "change_message": "[{\"changed\": {\"fields\": [\"password\"]}}]"}}, {"model": "admin.logentry", "pk": 76, "fields": {"action_time": "2023-04-11T00:55:38.393Z", "user": 1, "content_type": 6, "object_id": "2", "object_repr": "Henry@mail.com", "action_flag": 2, "change_message": "[{\"changed\": {\"fields\": [\"password\"]}}]"}}, {"model": "admin.logentry", "pk": 77, "fields": {"action_time": "2023-04-11T00:59:55.195Z", "user": 1, "content_type": 7, "object_id": "2", "object_repr": "Pets", "action_flag": 2, "change_message": "[{\"changed\": {\"fields\": [\"Icon\"]}}]"}}, {"model": "admin.logentry", "pk": 78, "fields": {"action_time": "2023-04-11T01:00:01.131Z", "user": 1, "content_type": 7, "object_id": "1", "object_repr": "Lift", "action_flag": 2, "change_message": "[{\"changed\": {\"fields\": [\"Icon\"]}}]"}}, {"model": "admin.logentry", "pk": 79, "fields": {"action_time": "2023-04-11T01:00:19.614Z", "user": 1, "content_type": 8, "object_id": "3", "object_repr": "Pool", "action_flag": 2, "change_message": "[{\"changed\": {\"fields\": [\"Icon\"]}}]"}}, {"model": "admin.logentry", "pk": 80, "fields": {"action_time": "2023-04-11T01:00:24.429Z", "user": 1, "content_type": 8, "object_id": "2", "object_repr": "Gym", "action_flag": 2, "change_message": "[{\"changed\": {\"fields\": [\"Icon\"]}}]"}}, {"model": "admin.logentry", "pk": 81, "fields": {"action_time": "2023-04-11T01:00:28.722Z", "user": 1, "content_type": 8, "object_id": "1", "object_repr": "Wifi", "action_flag": 2, "change_message": "[{\"changed\": {\"fields\": [\"Icon\"]}}]"}}, {"model": "admin.logentry", "pk": 82, "fields": {"action_time": "2023-04-11T01:02:04.902Z", "user": 1, "content_type": 8, "object_id": "3", "object_repr": "Pool", "action_flag": 2, "change_message": "[{\"changed\": {\"fields\": [\"Icon\"]}}]"}}, {"model": "admin.logentry", "pk": 83, "fields": {"action_time": "2023-04-11T01:13:52.996Z", "user": 1, "content_type": 9, "object_id": "14", "object_repr": "Goku's First House", "action_flag": 1, "change_message": "[{\"added\": {}}]"}}, {"model": "admin.logentry", "pk": 84, "fields": {"action_time": "2023-04-11T01:15:34.054Z", "user": 1, "content_type": 9, "object_id": "15", "object_repr": "Goku's Second House", "action_flag": 1, "change_message": "[{\"added\": {}}]"}}, {"model": "admin.logentry", "pk": 85, "fields": {"action_time": "2023-04-11T01:17:00.225Z", "user": 1, "content_type": 10, "object_id": "26", "object_repr": "property/14/tobias-nii-kwatei-quartey-VqWy2xlGK6Q-unsplash.jpg", "action_flag": 1, "change_message": "[{\"added\": {}}]"}}, {"model": "admin.logentry", "pk": 86, "fields": {"action_time": "2023-04-11T01:17:06.951Z", "user": 1, "content_type": 10, "object_id": "27", "object_repr": "property/14/todd-kent-178j8tJrNlc-unsplash.jpg", "action_flag": 1, "change_message": "[{\"added\": {}}]"}}, {"model": "admin.logentry", "pk": 87, "fields": {"action_time": "2023-04-11T01:17:15.926Z", "user": 1, "content_type": 10, "object_id": "28", "object_repr": "property/default.png", "action_flag": 1, "change_message": "[{\"added\": {}}]"}}, {"model": "admin.logentry", "pk": 88, "fields": {"action_time": "2023-04-11T01:17:24.832Z", "user": 1, "content_type": 10, "object_id": "29", "object_repr": "property/15/florian-schmidinger-b_79nOqf95I-unsplash.jpg", "action_flag": 1, "change_message": "[{\"added\": {}}]"}}, {"model": "admin.logentry", "pk": 89, "fields": {"action_time": "2023-04-11T01:18:03.962Z", "user": 1, "content_type": 10, "object_id": "28", "object_repr": "property/15/digital-marketing-agency-ntwrk-g39p1kDjvSY-unsplash.jpg", "action_flag": 2, "change_message": "[{\"changed\": {\"fields\": [\"Img\"]}}]"}}, {"model": "admin.logentry", "pk": 90, "fields": {"action_time": "2023-04-11T02:06:31.845Z", "user": 1, "content_type": 11, "object_id": "24", "object_repr": "Listing for property: Shaq's First House", "action_flag": 1, "change_message": "[{\"added\": {}}]"}}, {"model": "admin.logentry", "pk": 91, "fields": {"action_time": "2023-04-11T02:06:55.217Z", "user": 1, "content_type": 11, "object_id": "25", "object_repr": "Listing for property: Shrek's First House", "action_flag": 1, "change_message": "[{\"added\": {}}]"}}, {"model": "admin.logentry", "pk": 92, "fields": {"action_time": "2023-04-11T02:08:14.384Z", "user": 1, "content_type": 12, "object_id": "9", "object_repr": "Reservation by Henry for listing: 25", "action_flag": 1, "change_message": "[{\"added\": {}}]"}}, {"model": "admin.logentry", "pk": 93, "fields": {"action_time": "2023-04-11T02:08:45.536Z", "user": 1, "content_type": 12, "object_id": "10", "object_repr": "Reservation by Lorde for listing: 25", "action_flag": 1, "change_message": "[{\"added\": {}}]"}}, {"model": "admin.logentry", "pk": 94, "fields": {"action_time": "2023-04-11T02:09:33.833Z", "user": 1, "content_type": 12, "object_id": "11", "object_repr": "Reservation by Taylor for listing: 24", "action_flag": 1, "change_message": "[{\"added\": {}}]"}}, {"model": "admin.logentry", "pk": 95, "fields": {"action_time": "2023-04-11T02:09:39.268Z", "user": 1, "content_type": 12, "object_id": "11", "object_repr": "Reservation by Taylor for listing: 24", "action_flag": 2, "change_message": "[{\"changed\": {\"fields\": [\"Is active\"]}}]"}}, {"model": "admin.logentry", "pk": 96, "fields": {"action_time": "2023-04-11T02:13:47.530Z", "user": 1, "content_type": 15, "object_id": "2", "object_repr": "Comment for property: Shrek's First HouseComment ID: 2", "action_flag": 1, "change_message": "[{\"added\": {}}]"}}, {"model": "admin.logentry", "pk": 97, "fields": {"action_time": "2023-04-11T02:14:25.910Z", "user": 1, "content_type": 15, "object_id": "3", "object_repr": "Comment for property: Shrek's First HouseComment ID: 3", "action_flag": 1, "change_message": "[{\"added\": {}}]"}}, {"model": "admin.logentry", "pk": 98, "fields": {"action_time": "2023-04-11T02:14:42.582Z", "user": 1, "content_type": 15, "object_id": "2", "object_repr": "Comment for property: Shrek's First HouseComment ID: 2", "action_flag": 2, "change_message": "[{\"changed\": {\"fields\": [\"Child\"]}}]"}}, {"model": "admin.logentry", "pk": 99, "fields": {"action_time": "2023-04-11T02:15:08.884Z", "user": 1, "content_type": 15, "object_id": "4", "object_repr": "Comment for property: Shrek's First HouseComment ID: 4", "action_flag": 1, "change_message": "[{\"added\": {}}]"}}, {"model": "admin.logentry", "pk": 100, "fields": {"action_time": "2023-04-11T02:15:14.166Z", "user": 1, "content_type": 15, "object_id": "3", "object_repr": "Comment for property: Shrek's First HouseComment ID: 3", "action_flag": 2, "change_message": "[{\"changed\": {\"fields\": [\"Child\"]}}]"}}, {"model": "admin.logentry", "pk": 101, "fields": {"action_time": "2023-04-11T02:15:50.980Z", "user": 1, "content_type": 15, "object_id": "5", "object_repr": "Comment for property: Shrek's First HouseComment ID: 5", "action_flag": 1, "change_message": "[{\"added\": {}}]"}}, {"model": "admin.logentry", "pk": 102, "fields": {"action_time": "2023-04-11T02:20:27.291Z", "user": 1, "content_type": 11, "object_id": "25", "object_repr": "Listing for property: Shrek's First House", "action_flag": 2, "change_message": "[{\"changed\": {\"fields\": [\"Is active\"]}}]"}}, {"model": "admin.logentry", "pk": 103, "fields": {"action_time": "2023-04-11T02:20:29.940Z", "user": 1, "content_type": 11, "object_id": "24", "object_repr": "Listing for property: Shaq's First House", "action_flag": 2, "change_message": "[]"}}, {"model": "admin.logentry", "pk": 104, "fields": {"action_time": "2023-04-11T02:54:43.420Z", "user": 1, "content_type": 14, "object_id": "3", "object_repr": "Comment for user: Henry@mail.comComment ID: 3", "action_flag": 3, "change_message": ""}}, {"model": "admin.logentry", "pk": 105, "fields": {"action_time": "2023-04-11T02:55:16.191Z", "user": 1, "content_type": 14, "object_id": "4", "object_repr": "Comment for user: Henry@mail.comComment ID: 4", "action_flag": 3, "change_message": ""}}, {"model": "admin.logentry", "pk": 106, "fields": {"action_time": "2023-04-11T02:56:30.367Z", "user": 1, "content_type": 14, "object_id": "5", "object_repr": "Comment for user: Henry@mail.comComment ID: 5", "action_flag": 3, "change_message": ""}}, {"model": "admin.logentry", "pk": 107, "fields": {"action_time": "2023-04-11T03:30:23.048Z", "user": 1, "content_type": 10, "object_id": "28", "object_repr": "property/15/digital-marketing-agency-ntwrk-g39p1kDjvSY-unsplash.jpg", "action_flag": 3, "change_message": ""}}, {"model": "admin.logentry", "pk": 108, "fields": {"action_time": "2023-04-11T03:30:23.053Z", "user": 1, "content_type": 10, "object_id": "27", "object_repr": "property/14/todd-kent-178j8tJrNlc-unsplash.jpg", "action_flag": 3, "change_message": ""}}, {"model": "admin.logentry", "pk": 109, "fields": {"action_time": "2023-04-11T03:30:23.058Z", "user": 1, "content_type": 10, "object_id": "20", "object_repr": "property/11/breno-assis-r3WAWU5Fi5Q-unsplash.jpg", "action_flag": 3, "change_message": ""}}, {"model": "admin.logentry", "pk": 110, "fields": {"action_time": "2023-04-11T03:34:18.595Z", "user": 1, "content_type": 10, "object_id": "14", "object_repr": "property/9/andy-holmes-f6eWKcd8_dA-unsplash.jpg", "action_flag": 3, "change_message": ""}}, {"model": "auth.permission", "pk": 1, "fields": {"name": "Can add log entry", "content_type": 1, "codename": "add_logentry"}}, {"model": "auth.permission", "pk": 2, "fields": {"name": "Can change log entry", "content_type": 1, "codename": "change_logentry"}}, {"model": "auth.permission", "pk": 3, "fields": {"name": "Can delete log entry", "content_type": 1, "codename": "delete_logentry"}}, {"model": "auth.permission", "pk": 4, "fields": {"name": "Can view log entry", "content_type": 1, "codename": "view_logentry"}}, {"model": "auth.permission", "pk": 5, "fields": {"name": "Can add permission", "content_type": 2, "codename": "add_permission"}}, {"model": "auth.permission", "pk": 6, "fields": {"name": "Can change permission", "content_type": 2, "codename": "change_permission"}}, {"model": "auth.permission", "pk": 7, "fields": {"name": "Can delete permission", "content_type": 2, "codename": "delete_permission"}}, {"model": "auth.permission", "pk": 8, "fields": {"name": "Can view permission", "content_type": 2, "codename": "view_permission"}}, {"model": "auth.permission", "pk": 9, "fields": {"name": "Can add group", "content_type": 3, "codename": "add_group"}}, {"model": "auth.permission", "pk": 10, "fields": {"name": "Can change group", "content_type": 3, "codename": "change_group"}}, {"model": "auth.permission", "pk": 11, "fields": {"name": "Can delete group", "content_type": 3, "codename": "delete_group"}}, {"model": "auth.permission", "pk": 12, "fields": {"name": "Can view group", "content_type": 3, "codename": "view_group"}}, {"model": "auth.permission", "pk": 13, "fields": {"name": "Can add content type", "content_type": 4, "codename": "add_contenttype"}}, {"model": "auth.permission", "pk": 14, "fields": {"name": "Can change content type", "content_type": 4, "codename": "change_contenttype"}}, {"model": "auth.permission", "pk": 15, "fields": {"name": "Can delete content type", "content_type": 4, "codename": "delete_contenttype"}}, {"model": "auth.permission", "pk": 16, "fields": {"name": "Can view content type", "content_type": 4, "codename": "view_contenttype"}}, {"model": "auth.permission", "pk": 17, "fields": {"name": "Can add session", "content_type": 5, "codename": "add_session"}}, {"model": "auth.permission", "pk": 18, "fields": {"name": "Can change session", "content_type": 5, "codename": "change_session"}}, {"model": "auth.permission", "pk": 19, "fields": {"name": "Can delete session", "content_type": 5, "codename": "delete_session"}}, {"model": "auth.permission", "pk": 20, "fields": {"name": "Can view session", "content_type": 5, "codename": "view_session"}}, {"model": "auth.permission", "pk": 21, "fields": {"name": "Can add user", "content_type": 6, "codename": "add_customuser"}}, {"model": "auth.permission", "pk": 22, "fields": {"name": "Can change user", "content_type": 6, "codename": "change_customuser"}}, {"model": "auth.permission", "pk": 23, "fields": {"name": "Can delete user", "content_type": 6, "codename": "delete_customuser"}}, {"model": "auth.permission", "pk": 24, "fields": {"name": "Can view user", "content_type": 6, "codename": "view_customuser"}}, {"model": "auth.permission", "pk": 25, "fields": {"name": "Can add Accessibility", "content_type": 7, "codename": "add_accessibility"}}, {"model": "auth.permission", "pk": 26, "fields": {"name": "Can change Accessibility", "content_type": 7, "codename": "change_accessibility"}}, {"model": "auth.permission", "pk": 27, "fields": {"name": "Can delete Accessibility", "content_type": 7, "codename": "delete_accessibility"}}, {"model": "auth.permission", "pk": 28, "fields": {"name": "Can view Accessibility", "content_type": 7, "codename": "view_accessibility"}}, {"model": "auth.permission", "pk": 29, "fields": {"name": "Can add Amenity", "content_type": 8, "codename": "add_amenity"}}, {"model": "auth.permission", "pk": 30, "fields": {"name": "Can change Amenity", "content_type": 8, "codename": "change_amenity"}}, {"model": "auth.permission", "pk": 31, "fields": {"name": "Can delete Amenity", "content_type": 8, "codename": "delete_amenity"}}, {"model": "auth.permission", "pk": 32, "fields": {"name": "Can view Amenity", "content_type": 8, "codename": "view_amenity"}}, {"model": "auth.permission", "pk": 33, "fields": {"name": "Can add Property", "content_type": 9, "codename": "add_property"}}, {"model": "auth.permission", "pk": 34, "fields": {"name": "Can change Property", "content_type": 9, "codename": "change_property"}}, {"model": "auth.permission", "pk": 35, "fields": {"name": "Can delete Property", "content_type": 9, "codename": "delete_property"}}, {"model": "auth.permission", "pk": 36, "fields": {"name": "Can view Property", "content_type": 9, "codename": "view_property"}}, {"model": "auth.permission", "pk": 37, "fields": {"name": "Can add Image", "content_type": 10, "codename": "add_image"}}, {"model": "auth.permission", "pk": 38, "fields": {"name": "Can change Image", "content_type": 10, "codename": "change_image"}}, {"model": "auth.permission", "pk": 39, "fields": {"name": "Can delete Image", "content_type": 10, "codename": "delete_image"}}, {"model": "auth.permission", "pk": 40, "fields": {"name": "Can view Image", "content_type": 10, "codename": "view_image"}}, {"model": "auth.permission", "pk": 41, "fields": {"name": "Can add Listing", "content_type": 11, "codename": "add_listing"}}, {"model": "auth.permission", "pk": 42, "fields": {"name": "Can change Listing", "content_type": 11, "codename": "change_listing"}}, {"model": "auth.permission", "pk": 43, "fields": {"name": "Can delete Listing", "content_type": 11, "codename": "delete_listing"}}, {"model": "auth.permission", "pk": 44, "fields": {"name": "Can view Listing", "content_type": 11, "codename": "view_listing"}}, {"model": "auth.permission", "pk": 45, "fields": {"name": "Can add Reservation", "content_type": 12, "codename": "add_reservation"}}, {"model": "auth.permission", "pk": 46, "fields": {"name": "Can change Reservation", "content_type": 12, "codename": "change_reservation"}}, {"model": "auth.permission", "pk": 47, "fields": {"name": "Can delete Reservation", "content_type": 12, "codename": "delete_reservation"}}, {"model": "auth.permission", "pk": 48, "fields": {"name": "Can view Reservation", "content_type": 12, "codename": "view_reservation"}}, {"model": "auth.permission", "pk": 49, "fields": {"name": "Can add Notification", "content_type": 13, "codename": "add_notification"}}, {"model": "auth.permission", "pk": 50, "fields": {"name": "Can change Notification", "content_type": 13, "codename": "change_notification"}}, {"model": "auth.permission", "pk": 51, "fields": {"name": "Can delete Notification", "content_type": 13, "codename": "delete_notification"}}, {"model": "auth.permission", "pk": 52, "fields": {"name": "Can view Notification", "content_type": 13, "codename": "view_notification"}}, {"model": "auth.permission", "pk": 53, "fields": {"name": "Can add User Comment", "content_type": 14, "codename": "add_usercomment"}}, {"model": "auth.permission", "pk": 54, "fields": {"name": "Can change User Comment", "content_type": 14, "codename": "change_usercomment"}}, {"model": "auth.permission", "pk": 55, "fields": {"name": "Can delete User Comment", "content_type": 14, "codename": "delete_usercomment"}}, {"model": "auth.permission", "pk": 56, "fields": {"name": "Can view User Comment", "content_type": 14, "codename": "view_usercomment"}}, {"model": "auth.permission", "pk": 57, "fields": {"name": "Can add Property Comment", "content_type": 15, "codename": "add_propertycomment"}}, {"model": "auth.permission", "pk": 58, "fields": {"name": "Can change Property Comment", "content_type": 15, "codename": "change_propertycomment"}}, {"model": "auth.permission", "pk": 59, "fields": {"name": "Can delete Property Comment", "content_type": 15, "codename": "delete_propertycomment"}}, {"model": "auth.permission", "pk": 60, "fields": {"name": "Can view Property Comment", "content_type": 15, "codename": "view_propertycomment"}}, {"model": "contenttypes.contenttype", "pk": 1, "fields": {"app_label": "admin", "model": "logentry"}}, {"model": "contenttypes.contenttype", "pk": 2, "fields": {"app_label": "auth", "model": "permission"}}, {"model": "contenttypes.contenttype", "pk": 3, "fields": {"app_label": "auth", "model": "group"}}, {"model": "contenttypes.contenttype", "pk": 4, "fields": {"app_label": "contenttypes", "model": "contenttype"}}, {"model": "contenttypes.contenttype", "pk": 5, "fields": {"app_label": "sessions", "model": "session"}}, {"model": "contenttypes.contenttype", "pk": 6, "fields": {"app_label": "accounts", "model": "customuser"}}, {"model": "contenttypes.contenttype", "pk": 7, "fields": {"app_label": "property", "model": "accessibility"}}, {"model": "contenttypes.contenttype", "pk": 8, "fields": {"app_label": "property", "model": "amenity"}}, {"model": "contenttypes.contenttype", "pk": 9, "fields": {"app_label": "property", "model": "property"}}, {"model": "contenttypes.contenttype", "pk": 10, "fields": {"app_label": "property", "model": "image"}}, {"model": "contenttypes.contenttype", "pk": 11, "fields": {"app_label": "listing", "model": "listing"}}, {"model": "contenttypes.contenttype", "pk": 12, "fields": {"app_label": "reservation", "model": "reservation"}}, {"model": "contenttypes.contenttype", "pk": 13, "fields": {"app_label": "notification", "model": "notification"}}, {"model": "contenttypes.contenttype", "pk": 14, "fields": {"app_label": "comment", "model": "usercomment"}}, {"model": "contenttypes.contenttype", "pk": 15, "fields": {"app_label": "comment", "model": "propertycomment"}}, {"model": "sessions.session", "pk": "6o1qbjyy28gdnwq98b493p5397ffsrig", "fields": {"session_data": ".eJxVjEEOwiAQRe_C2hAZioBL956BzDCDVA1NSrsy3l2bdKHb_977L5VwXWpau8xpZHVWRh1-N8L8kLYBvmO7TTpPbZlH0puid9r1dWJ5Xnb376Bir9_aFXTohMkfISIYRBMs0iB2KAgS_clBsEYoGAYoVLLzMUJxwDnbGNT7A_SmODE:1pm2IM:KnMlrXWr5IuohpJpqEtVQR08EbYElT3rdbEPkc8CA8k", "expire_date": "2023-04-25T00:55:38.405Z"}}, {"model": "accounts.customuser", "pk": 1, "fields": {"password": "pbkdf2_sha256$390000$K2ZLTkHYAMZJVJJ2qutxpn$tP2NtMWGi1c+eh9/eBzC2tHGMg+b35/3edPK6GHo5JU=", "last_login": "2023-04-09T04:20:44.059Z", "is_superuser": true, "avatar": "avatars/steve-harvey-1200x900.png", "first_name": "Steve", "last_name": "Harvey", "email": "Steve@mail.com", "date_joined": "2023-04-09T04:20:08.331Z", "is_active": true, "is_staff": true, "groups": [], "user_permissions": []}}, {"model": "accounts.customuser", "pk": 2, "fields": {"password": "pbkdf2_sha256$390000$FLI9Kq1Mt599MHcX5Cslkl$tGH7VwPwFD9ra+ynjF/x6wTtdERve4WL41t0toiw8ts=", "last_login": null, "is_superuser": true, "avatar": "avatars/250833_v9_bb.jpg", "first_name": "Henry", "last_name": "Cavill", "email": "Henry@mail.com", "date_joined": "2023-04-09T04:21:46.284Z", "is_active": true, "is_staff": true, "groups": [], "user_permissions": []}}, {"model": "accounts.customuser", "pk": 3, "fields": {"password": "pbkdf2_sha256$390000$ncaAG5iB4OOEwshs2epXOc$RzBQ9FQ6HFM2WFW9wvlXkY1+8P7ekYm8UJS/9MpR2ZI=", "last_login": null, "is_superuser": true, "avatar": "avatars/shaq_headshot_bio.png__341x281_crop_subsampling-2_YCzHfK3.png", "first_name": "Shaquille", "last_name": "O'Neal", "email": "Shaq@mail.com", "date_joined": "2023-04-09T04:21:53.274Z", "is_active": true, "is_staff": true, "groups": [], "user_permissions": []}}, {"model": "accounts.customuser", "pk": 4, "fields": {"password": "pbkdf2_sha256$390000$Fbmxzu0H8R613l3pgIhJFW$t9qdw4TG9ZqIXgiZ/LR3P1ZqGWVp7t4xweWDu3Utt04=", "last_login": null, "is_superuser": false, "avatar": "avatars/goku-dragon-ball-guru_Snh1FQ9.jpg", "first_name": "Son", "last_name": "Goku", "email": "Son@mail.com", "date_joined": "2023-04-11T00:44:49.618Z", "is_active": true, "is_staff": true, "groups": [], "user_permissions": []}}, {"model": "accounts.customuser", "pk": 5, "fields": {"password": "pbkdf2_sha256$390000$R78AQoJcCK15sBwSTOmFg0$/kS/lkfGM6tVyY36Qa219sFt0v+clZswHIRo9F2wNwc=", "last_login": null, "is_superuser": false, "avatar": "avatars/shrek.jpg", "first_name": "Shrek", "last_name": "The Ogre", "email": "Shrek@mail.com", "date_joined": "2023-04-11T00:45:18.764Z", "is_active": true, "is_staff": true, "groups": [], "user_permissions": []}}, {"model": "accounts.customuser", "pk": 6, "fields": {"password": "pbkdf2_sha256$390000$1yXUB14LlyEWTy09okLrhe$0tVsZmajQbx8yKUut1p0Z0TIX+mVYf0cA4TJEDunNF8=", "last_login": null, "is_superuser": false, "avatar": "avatars/taylor-swift-headshot-2017-7_lwvGeZ2.jpg", "first_name": "Taylor", "last_name": "Swift", "email": "Taylor@mail.com", "date_joined": "2023-04-11T00:45:48.671Z", "is_active": true, "is_staff": true, "groups": [], "user_permissions": []}}, {"model": "accounts.customuser", "pk": 7, "fields": {"password": "pbkdf2_sha256$390000$SbvCPX6dYvHO0bNNggPplL$8QYzTiGpx7QX3mXGAWraiGI4gScGysA69ynvqqeDdVM=", "last_login": null, "is_superuser": false, "avatar": "avatars/741632_v9_ba.jpg", "first_name": "Lorde", "last_name": "The Musician", "email": "Lorde@mail.com", "date_joined": "2023-04-11T00:46:26.555Z", "is_active": true, "is_staff": true, "groups": [], "user_permissions": []}}, {"model": "accounts.customuser", "pk": 8, "fields": {"password": "pbkdf2_sha256$390000$FQyxfw3WDWc7cfB10PmUfl$fAeiMWY8zqE1SE8DWqexVLdW0tOVtRPnHBqRZai4N1k=", "last_login": null, "is_superuser": false, "avatar": "avatars/maisiepeters.jpg", "first_name": "Maisie", "last_name": "Peters", "email": "Maisie@mail.com", "date_joined": "2023-04-11T00:46:52.201Z", "is_active": true, "is_staff": true, "groups": [], "user_permissions": []}}, {"model": "property.amenity", "pk": 1, "fields": {"name": "Wifi", "icon": "icons/amenity/wifi_ciPPpxg.png"}}, {"model": "property.amenity", "pk": 2, "fields": {"name": "Gym", "icon": "icons/amenity/gym_O8V9KHD.png"}}, {"model": "property.amenity", "pk": 3, "fields": {"name": "Pool", "icon": "icons/amenity/pool_Rxhcrcy.png"}}, {"model": "property.accessibility", "pk": 1, "fields": {"name": "Lift", "icon": "icons/accessibility/lift.png"}}, {"model": "property.accessibility", "pk": 2, "fields": {"name": "Pets", "icon": "icons/accessibility/pets.png"}}, {"model": "property.property", "pk": 7, "fields": {"name": "Shaq's First House", "location": "Toronto, ON", "bed": 1, "bath": 2, "parking": 3, "occupancy": 4, "description": "Lorem ipsum dolor sit amet, consectetur adipiscing elit, sed do eiusmod tempor incididunt ut labore et dolore magna aliqua. Euismod lacinia at quis risus sed vulputate odio ut enim. Viverra tellus in hac habitasse platea dictumst. In vitae turpis massa sed elementum tempus egestas sed. Odio eu feugiat pretium nibh ipsum consequat nisl vel.", "host": 3, "is_active": true, "accessibility": [1], "amenities": [2]}}, {"model": "property.property", "pk": 8, "fields": {"name": "Shaq's Second House", "location": "Markham, ON", "bed": 2, "bath": 3, "parking": 4, "occupancy": 5, "description": "Tincidunt id aliquet risus feugiat in. Rhoncus urna neque viverra justo nec. At ultrices mi tempus imperdiet nulla malesuada pellentesque elit eget. Magna fringilla urna porttitor rhoncus dolor purus non.", "host": 3, "is_active": true, "accessibility": [2], "amenities": [1, 3]}}, {"model": "property.property", "pk": 9, "fields": {"name": "Shaq's Third House", "location": "Los Angeles, CA", "bed": 3, "bath": 4, "parking": 5, "occupancy": 6, "description": "Odio eu feugiat pretium nibh ipsum consequat nisl vel. Duis ut diam quam nulla porttitor massa. Risus in hendrerit gravida rutrum quisque non. Tincidunt id aliquet risus feugiat in. Rhoncus urna neque viverra justo nec. At ultrices mi tempus imperdiet nulla malesuada pellentesque elit eget. Magna fringilla urna porttitor rhoncus dolor purus non.", "host": 3, "is_active": true, "accessibility": [1, 2], "amenities": [2]}}, {"model": "property.property", "pk": 10, "fields": {"name": "Maisie's First House", "location": "Toronto, ON", "bed": 2, "bath": 2, "parking": 2, "occupancy": 2, "description": "At ultrices mi tempus imperdiet nulla malesuada pellentesque elit eget. Magna fringilla urna porttitor rhoncus dolor purus non.", "host": 8, "is_active": true, "accessibility": [1, 2], "amenities": [1]}}, {"model": "property.property", "pk": 11, "fields": {"name": "Maisie's Second House", "location": "London, ON", "bed": 3, "bath": 3, "parking": 3, "occupancy": 3, "description": "Aenean vel elit scelerisque mauris pellentesque pulvinar pellentesque. Amet luctus venenatis lectus magna fringilla urna porttitor.", "host": 8, "is_active": true, "accessibility": [1, 2], "amenities": [1]}}, {"model": "property.property", "pk": 12, "fields": {"name": "Shrek's First House", "location": "Fort Knox, NJ", "bed": 1, "bath": 5, "parking": 3, "occupancy": 2, "description": "Dignissim convallis aenean et tortor at. Sapien nec sagittis aliquam malesuada bibendum arcu vitae elementum. Et malesuada fames ac turpis egestas integer eget.", "host": 5, "is_active": true, "accessibility": [], "amenities": [1, 2, 3]}}, {"model": "property.property", "pk": 13, "fields": {"name": "Shrek's Second House", "location": "Georgetown, CA", "bed": 4, "bath": 4, "parking": 2, "occupancy": 1, "description": "Eu non diam phasellus vestibulum lorem sed risus ultricies. Lectus magna fringilla urna porttitor rhoncus dolor purus non. Ut tortor pretium viverra suspendisse potenti nullam ac tortor vitae.", "host": 5, "is_active": true, "accessibility": [2], "amenities": [1, 2]}}, {"model": "property.property", "pk": 14, "fields": {"name": "Goku's First House", "location": "Gokuville, GO", "bed": 2, "bath": 8, "parking": 2, "occupancy": 6, "description": "Eu non diam phasellus vestibulum lorem sed risus ultricies. Lectus magna fringilla urna porttitor rhoncus dolor purus non. Ut tortor pretium viverra suspendisse potenti nullam ac tortor vitae.", "host": 4, "is_active": true, "accessibility": [1, 2], "amenities": [1, 2, 3]}}, {"model": "property.property", "pk": 15, "fields": {"name": "Goku's Second House", "location": "New York, NY", "bed": 1, "bath": 1, "parking": 1, "occupancy": 1, "description": "Eu non diam phasellus vestibulum lorem sed risus ultricies. Lectus magna fringilla urna porttitor rhoncus dolor purus non. Ut tortor pretium viverra suspendisse potenti nullam ac tortor vitae.", "host": 4, "is_active": true, "accessibility": [2], "amenities": [3]}}, {"model": "property.property", "pk": 16, "fields": {"name": "Steve's House", "location": "Dublin, IR", "bed": 10, "bath": 10, "parking": 10, "occupancy": 10, "description": "Eu non diam phasellus vestibulum lorem sed risus ultricies. Lectus magna fringilla urna porttitor rhoncus dolor purus non. Ut tortor pretium viverra suspendisse potenti nullam ac tortor vitae.", "host": 1, "is_active": true, "accessibility": [1, 2], "amenities": [2, 3]}}, {"model": "property.image", "pk": 8, "fields": {"property": 7, "img": "property/7/aaron-huber-G7sE2S4Lab4-unsplash.jpg"}}, {"model": "property.image", "pk": 9, "fields": {"property": 7, "img": "property/7/alberto-castillo-q-mx4mSkK9zeo-unsplash.jpg"}}, {"model": "property.image", "pk": 10, "fields": {"property": 7, "img": "property/7/alejandra-cifre-gonzalez-5nYLmG1m5lw-unsplash.jpg"}}, {"model": "property.image", "pk": 11, "fields": {"property": 8, "img": "property/8/alejandra-cifre-gonzalez-ylyn5r4vxcA-unsplash.jpg"}}, {"model": "property.image", "pk": 12, "fields": {"property": 8, "img": "property/8/alexander-andrews-A3DPhhAL6Zg-unsplash.jpg"}}, {"model": "property.image", "pk": 13, "fields": {"property": 8, "img": "property/8/alexander-andrews-Dr6VBM0KNsw-unsplash.jpg"}}, {"model": "property.image", "pk": 15, "fields": {"property": 9, "img": "property/9/ann-wallace-biepNX5n7r4-unsplash.jpg"}}, {"model": "property.image", "pk": 16, "fields": {"property": 9, "img": "property/9/bailey-anselme-Bkp3gLygyeA-unsplash.jpg"}}, {"model": "property.image", "pk": 17, "fields": {"property": 10, "img": "property/10/avi-werde-hHz4yrvxwlA-unsplash.jpg"}}, {"model": "property.image", "pk": 18, "fields": {"property": 10, "img": "property/10/brian-babb-XbwHrt87mQ0-unsplash.jpg"}}, {"model": "property.image", "pk": 19, "fields": {"property": 11, "img": "property/11/bernard-hermant-KqOLr8OiQLU-unsplash.jpg"}}, {"model": "property.image", "pk": 21, "fields": {"property": 12, "img": "property/12/brie-odom-mabey-ITzfgP77DTg-unsplash_1.jpg"}}, {"model": "property.image", "pk": 22, "fields": {"property": 12, "img": "property/12/brie-odom-mabey-mrSuM73pmsw-unsplash.jpg"}}, {"model": "property.image", "pk": 23, "fields": {"property": 13, "img": "property/13/debby-hudson-FmCSSSGge-0-unsplash.jpg"}}, {"model": "property.image", "pk": 24, "fields": {"property": 13, "img": "property/13/derick-mckinney-rah5oKpjMSY-unsplash.jpg"}}, {"model": "property.image", "pk": 25, "fields": {"property": 13, "img": "property/13/dhruv-mehra-EItAcdPP-kk-unsplash.jpg"}}, {"model": "property.image", "pk": 26, "fields": {"property": 14, "img": "property/14/tobias-nii-kwatei-quartey-VqWy2xlGK6Q-unsplash.jpg"}}, {"model": "property.image", "pk": 29, "fields": {"property": 15, "img": "property/15/florian-schmidinger-b_79nOqf95I-unsplash.jpg"}}, {"model": "property.image", "pk": 30, "fields": {"property": 16, "img": "property/16/luke-stackpoole-eWqOgJ-lfiI-unsplash.jpg"}}, {"model": "property.image", "pk": 31, "fields": {"property": 16, "img": "property/16/ralph-ravi-kayden-2d4lAQAlbDA-unsplash.jpg"}}, {"model": "property.image", "pk": 32, "fields": {"property": 16, "img": "property/16/ralph-ravi-kayden-mR1CIDduGLc-unsplash.jpg"}}, {"model": "property.image", "pk": 33, "fields": {"property": 16, "img": "property/16/webaliser-_TPTXZd9mOo-unsplash.jpg"}}, {"model": "listing.listing", "pk": 11, "fields": {"property": 7, "start": "2023-04-10", "end": "2023-04-17", "price": 100, "created": "2023-04-10", "is_active": true, "host": 3}}, {"model": "listing.listing", "pk": 12, "fields": {"property": 7, "start": "2023-04-24", "end": "2023-05-01", "price": 200, "created": "2023-04-10", "is_active": true, "host": 3}}, {"model": "listing.listing", "pk": 13, "fields": {"property": 8, "start": "2023-05-14", "end": "2023-05-21", "price": 300, "created": "2023-04-10", "is_active": true, "host": 3}}, {"model": "listing.listing", "pk": 14, "fields": {"property": 10, "start": "2023-04-10", "end": "2023-04-30", "price": 600, "created": "2023-04-10", "is_active": true, "host": 8}}, {"model": "listing.listing", "pk": 15, "fields": {"property": 11, "start": "2023-04-10", "end": "2023-04-30", "price": 200, "created": "2023-04-10", "is_active": true, "host": 8}}, {"model": "listing.listing", "pk": 16, "fields": {"property": 10, "start": "2023-05-01", "end": "2023-05-24", "price": 300, "created": "2023-04-10", "is_active": true, "host": 8}}, {"model": "listing.listing", "pk": 17, "fields": {"property": 14, "start": "2023-04-10", "end": "2023-04-17", "price": 70, "created": "2023-04-10", "is_active": true, "host": 4}}, {"model": "listing.listing", "pk": 18, "fields": {"property": 15, "start": "2023-04-10", "end": "2023-04-17", "price": 90, "created": "2023-04-10", "is_active": true, "host": 4}}, {"model": "listing.listing", "pk": 19, "fields": {"property": 14, "start": "2023-04-18", "end": "2023-04-25", "price": 70, "created": "2023-04-10", "is_active": true, "host": 4}}, {"model": "listing.listing", "pk": 20, "fields": {"property": 15, "start": "2023-04-29", "end": "2023-05-06", "price": 777, "created": "2023-04-10", "is_active": true, "host": 4}}, {"model": "listing.listing", "pk": 21, "fields": {"property": 16, "start": "2023-04-10", "end": "2023-04-17", "price": 50, "created": "2023-04-10", "is_active": true, "host": 1}}, {"model": "listing.listing", "pk": 22, "fields": {"property": 16, "start": "2023-04-24", "end": "2023-05-01", "price": 10000, "created": "2023-04-10", "is_active": true, "host": 1}}, {"model": "listing.listing", "pk": 23, "fields": {"property": 16, "start": "2023-05-10", "end": "2023-05-17", "price": 12345, "created": "2023-04-10", "is_active": true, "host": 1}}, {"model": "listing.listing", "pk": 24, "fields": {"property": 7, "start": "2023-03-01", "end": "2023-03-08", "price": 6000, "created": "2023-04-10", "is_active": false, "host": 3}}, {"model": "listing.listing", "pk": 25, "fields": {"property": 12, "start": "2023-03-15", "end": "2023-03-22", "price": 30, "created": "2023-04-10", "is_active": false, "host": 5}}, {"model": "listing.listing", "pk": 26, "fields": {"property": 13, "start": "2023-04-11", "end": "2023-04-18", "price": 500, "created": "2023-04-10", "is_active": true, "host": 5}}, {"model": "reservation.reservation", "pk": 6, "fields": {"client": 5, "host": 1, "listing": 21, "start": "2023-04-13", "end": "2023-04-14", "status": "Cancelled", "created": "2023-04-10", "is_active": false}}, {"model": "reservation.reservation", "pk": 7, "fields": {"client": 5, "host": 8, "listing": 16, "start": "2023-05-02", "end": "2023-05-23", "status": "Pending", "created": "2023-04-10", "is_active": true}}, {"model": "reservation.reservation", "pk": 8, "fields": {"client": 5, "host": 4, "listing": 17, "start": "2023-04-10", "end": "2023-04-17", "status": "Pending Cancellation", "created": "2023-04-10", "is_active": true}}, {"model": "reservation.reservation", "pk": 9, "fields": {"client": 2, "host": 5, "listing": 25, "start": "2023-03-16", "end": "2023-03-17", "status": "Completed", "created": "2023-04-10", "is_active": false}}, {"model": "reservation.reservation", "pk": 10, "fields": {"client": 7, "host": 5, "listing": 25, "start": "2023-03-19", "end": "2023-03-20", "status": "Completed", "created": "2023-04-10", "is_active": false}}, {"model": "reservation.reservation", "pk": 11, "fields": {"client": 6, "host": 3, "listing": 24, "start": "2023-03-02", "end": "2023-03-03", "status": "Terminated", "created": "2023-04-10", "is_active": false}}, {"model": "reservation.reservation", "pk": 12, "fields": {"client": 2, "host": 5, "listing": 26, "start": "2023-04-12", "end": "2023-04-14", "status": "Pending", "created": "2023-04-10", "is_active": true}}, {"model": "notification.notification", "pk": 22, "fields": {"user": 1, "reservation": 6, "description": "You have a new reservation request for your listing on property Steve's House", "read": false}}, {"model": "notification.notification", "pk": 23, "fields": {"user": 8, "reservation": 7, "description": "You have a new reservation request for your listing on property Maisie's First House", "read": false}}, {"model": "notification.notification", "pk": 24, "fields": {"user": 4, "reservation": 8, "description": "You have a new reservation request for your listing on property Goku's First House", "read": false}}, {"model": "notification.notification", "pk": 25, "fields": {"user": 1, "reservation": 6, "description": "A reservation request for the listing on property Steve's House has been cancelled by the client", "read": false}}, {"model": "notification.notification", "pk": 26, "fields": {"user": 5, "reservation": 12, "description": "You have a new reservation request for your listing on property Shrek's Second House", "read": false}}, {"model": "notification.notification", "pk": 27, "fields": {"user": 5, "reservation": 8, "description": "Your reservation request for the listing on property Goku's First House has been approved", "read": false}}, {"model": "notification.notification", "pk": 28, "fields": {"user": 4, "reservation": 8, "description": "A reservation you approved for the listing on property Goku's First House has requested cancellation", "read": false}}, {"model": "comment.propertycomment", "pk": 2, "fields": {"child": 3, "reservation": 9, "property": 12, "description": "First", "commenter": 2, "rating": 5, "timetag": "2023-03-20T02:13:02Z", "is_parent": true}}, {"model": "comment.propertycomment", "pk": 3, "fields": {"child": 4, "reservation": 9, "property": 12, "description": "Second", "commenter": 5, "rating": 1, "timetag": "2023-03-21T02:13:47Z", "is_parent": false}}, {"model": "comment.propertycomment", "pk": 4, "fields": {"child": null, "reservation": 9, "property": 12, "description": "Third", "commenter": 2, "rating": 1, "timetag": "2023-03-22T02:14:44Z", "is_parent": false}}, {"model": "comment.propertycomment", "pk": 5, "fields": {"child": null, "reservation": 10, "property": 12, "description": "Shrek good host", "commenter": 7, "rating": 5, "timetag": "2023-03-28T02:15:16Z", "is_parent": true}}, {"model": "comment.propertycomment", "pk": 6, "fields": {"child": null, "reservation": 11, "property": 7, "description": "Unjust termination!", "commenter": 6, "rating": 1, "timetag": "2023-04-11T02:22:20.357Z", "is_parent": true}}, {"model": "comment.usercomment", "pk": 2, "fields": {"reservation": 10, "user": 7, "description": "Good client Lorde", "rating": 5, "timetag": "2023-04-11T02:41:33.966Z"}}]